tanggal;Suhu Udara;Kelembapan Udara;Curah Hujan;Hujan
01/01/2023;27,5;79;25,2;Hujan
02/01/2023;28,1;81;0;Tidak Hujan
03/01/2023;28,4;77;0;Tidak Hujan
04/01/2023;28,8;75;0;Tidak Hujan
05/01/2023;29,1;72;0;Tidak Hujan
06/01/2023;29,1;72;0;Tidak Hujan
07/01/2023;28,1;75;0;Tidak Hujan
08/01/2023;28,4;81;9,5;Hujan
09/01/2023;29,1;79;21,3;Hujan
10/01/2023;28,7;78;8,5;Hujan
11/01/2023;30,2;71;1;Hujan
12/01/2023;28,4;77;9,1;Hujan
13/01/2023;29,8;68;1;Hujan
14/01/2023;29,7;72;0;Tidak Hujan
15/01/2023;29,9;72;0;Tidak Hujan
16/01/2023;29,3;76;0;Tidak Hujan
17/01/2023;28;82;10,9;Hujan
18/01/2023;28;78;1,3;Hujan
19/01/2023;28,6;78;6,5;Hujan
20/01/2023;28,9;77;0,3;Hujan
21/01/2023;29,4;74;0;Tidak Hujan
22/01/2023;28,8;80;16,6;Hujan
23/01/2023;29,5;78;25,5;Hujan
24/01/2023;29,1;79;0;Tidak Hujan
25/01/2023;28,7;81;2;Hujan
26/01/2023;27,2;84;23;Hujan
27/01/2023;28,2;80;0,9;Hujan
28/01/2023;25,9;90;6,1;Hujan
29/01/2023;27,4;82;11,5;Hujan
30/01/2023;29,1;80;3,8;Hujan
31/01/2023;28,9;80;0;Tidak Hujan
01/02/2023;28,2;78;13,2;Hujan
02/02/2023;27,5;84;1;Hujan
03/02/2023;27,7;81;4,9;Hujan
04/02/2023;26,9;86;0;Tidak Hujan
05/02/2023;29;75;4;Hujan
06/02/2023;28,3;76;0;Tidak Hujan
07/02/2023;28,3;81;7;Hujan
08/02/2023;27,7;80;4,5;Hujan
09/02/2023;27,9;81;3;Hujan
10/02/2023;28,5;83;33,6;Hujan
11/02/2023;27,2;85;0;Tidak Hujan
12/02/2023;27,7;82;1,7;Hujan
13/02/2023;27,7;78;3,6;Hujan
14/02/2023;28,1;80;14,7;Hujan
15/02/2023;27,6;82;17,8;Hujan
16/02/2023;27,5;84;23,8;Hujan
17/02/2023;27,3;83;19,8;Hujan
18/02/2023;28,4;80;1,4;Hujan
19/02/2023;27,8;83;65,8;Hujan
20/02/2023;28,3;77;15;Hujan
21/02/2023;29;78;9,5;Hujan
22/02/2023;27,5;84;56,2;Hujan
23/02/2023;27,7;82;0;Tidak Hujan
24/02/2023;29;77;3,8;Hujan
25/02/2023;28,8;75;0;Tidak Hujan
26/02/2023;27,8;81;3;Hujan
27/02/2023;27,3;80;0,1;Hujan
28/02/2023;28,2;79;6,8;Hujan
01/03/2023;27,1;80;7,6;Hujan
02/03/2023;25,7;90;2;Hujan
03/03/2023;28,4;79;13,7;Hujan
04/03/2023;29,3;76;0;Tidak Hujan
05/03/2023;28,7;77;0;Tidak Hujan
06/03/2023;28,5;80;45,2;Hujan
07/03/2023;28,7;77;0,2;Hujan
08/03/2023;28,1;81;0;Tidak Hujan
09/03/2023;28,6;77;10;Hujan
10/03/2023;29,6;77;0;Tidak Hujan
11/03/2023;29,9;74;0;Tidak Hujan
12/03/2023;30,1;75;0;Tidak Hujan
13/03/2023;29;75;0;Tidak Hujan
14/03/2023;28,3;74;0;Tidak Hujan
15/03/2023;28,8;80;0,2;Hujan
16/03/2023;29,7;76;3;Hujan
17/03/2023;29,6;74;0,1;Hujan
18/03/2023;28,5;79;0;Tidak Hujan
19/03/2023;29,7;76;0;Tidak Hujan
20/03/2023;29,5;78;5,5;Hujan
21/03/2023;29,4;76;14,3;Hujan
22/03/2023;28,7;78;2;Hujan
23/03/2023;30,6;70;0;Tidak Hujan
24/03/2023;29,2;79;0;Tidak Hujan
25/03/2023;29,3;78;4;Hujan
26/03/2023;28,8;78;0;Tidak Hujan
27/03/2023;28,2;81;0;Tidak Hujan
28/03/2023;28,2;80;0;Tidak Hujan
29/03/2023;29,2;76;0;Tidak Hujan
30/03/2023;28,6;79;25,2;Hujan
31/03/2023;27,4;82;7,4;Hujan
01/04/2023;27,4;82;12,4;Hujan
02/04/2023;27,3;83;0,1;Hujan
03/04/2023;28,7;80;6,9;Hujan
04/04/2023;29;76;0;Tidak Hujan
05/04/2023;28,3;82;0;Tidak Hujan
06/04/2023;28,4;82;0;Tidak Hujan
07/04/2023;28,8;77;30;Hujan
08/04/2023;28,7;79;0;Tidak Hujan
09/04/2023;28,9;78;33,5;Hujan
10/04/2023;28,3;78;11,1;Hujan
11/04/2023;29,7;74;3;Hujan
12/04/2023;29,8;76;5,4;Hujan
13/04/2023;28,5;78;15,5;Hujan
14/04/2023;29,1;76;0;Tidak Hujan
15/04/2023;29,3;78;1,4;Hujan
16/04/2023;29,4;80;60;Hujan
17/04/2023;28;86;0;Tidak Hujan
18/04/2023;29,2;81;5,2;Hujan
19/04/2023;29,8;74;0;Tidak Hujan
20/04/2023;29,7;79;13,1;Hujan
21/04/2023;29,8;79;0;Tidak Hujan
22/04/2023;30;77;0;Tidak Hujan
23/04/2023;30,6;71;0;Tidak Hujan
24/04/2023;30,5;75;0;Tidak Hujan
25/04/2023;30,4;76;0;Tidak Hujan
26/04/2023;29,5;82;3,5;Hujan
27/04/2023;29,4;76;0,3;Hujan
28/04/2023;28,7;80;0;Tidak Hujan
29/04/2023;28,3;82;0,6;Hujan
30/04/2023;29,7;76;0,8;Hujan
01/05/2023;29,9;78;0;Tidak Hujan
02/05/2023;28,9;80;0;Tidak Hujan
03/05/2023;29,7;79;0;Tidak Hujan
04/05/2023;30,4;77;0;Tidak Hujan
05/05/2023;30;77;0;Tidak Hujan
06/05/2023;30,3;77;7,7;Hujan
07/05/2023;30,3;74;1,2;Hujan
08/05/2023;30,1;73;0;Tidak Hujan
09/05/2023;29,3;77;0;Tidak Hujan
10/05/2023;28,9;82;0;Tidak Hujan
11/05/2023;28,3;82;2,3;Hujan
12/05/2023;30,3;75;0;Tidak Hujan
13/05/2023;29,4;74;0;Tidak Hujan
14/05/2023;28,7;70;0;Tidak Hujan
15/05/2023;27,8;71;0;Tidak Hujan
16/05/2023;28,1;68;3,6;Hujan
17/05/2023;28,2;65;1,2;Hujan
18/05/2023;28,8;67;0;Tidak Hujan
19/05/2023;28,3;72;2;Hujan
20/05/2023;28,9;73;0;Tidak Hujan
21/05/2023;29,4;70;0;Tidak Hujan
22/05/2023;28,7;70;0;Tidak Hujan
23/05/2023;28,8;69;0,8;Hujan
24/05/2023;29,5;74;0;Tidak Hujan
25/05/2023;29,3;71;0;Tidak Hujan
26/05/2023;29,7;66;2,5;Hujan
27/05/2023;29,5;68;0,2;Hujan
28/05/2023;28,6;66;0;Tidak Hujan
29/05/2023;29;68;0;Tidak Hujan
30/05/2023;29,3;70;0;Tidak Hujan
31/05/2023;29,5;68;1,9;Hujan
01/06/2023;29,4;70;0;Tidak Hujan
02/06/2023;29,1;73;2;Hujan
03/06/2023;29,8;72;0;Tidak Hujan
04/06/2023;29;71;0;Tidak Hujan
05/06/2023;29,2;73;0;Tidak Hujan
06/06/2023;29,3;72;3,2;Hujan
07/06/2023;29,5;75;1,9;Hujan
08/06/2023;29,3;74;0;Tidak Hujan
09/06/2023;29,1;74;0;Tidak Hujan
10/06/2023;29,1;70;0;Tidak Hujan
11/06/2023;29,1;74;0,4;Hujan
12/06/2023;29,6;76;0;Tidak Hujan
13/06/2023;29,1;76;0;Tidak Hujan
14/06/2023;29,1;68;0;Tidak Hujan
15/06/2023;28,9;70;2;Hujan
16/06/2023;28,7;72;0;Tidak Hujan
17/06/2023;29,2;72;1,9;Hujan
18/06/2023;29,2;70;0,7;Hujan
19/06/2023;29,1;74;2,4;Hujan
20/06/2023;30,5;66;0;Tidak Hujan
21/06/2023;29,3;70;4;Hujan
22/06/2023;29,2;70;0;Tidak Hujan
23/06/2023;29,3;70;0;Tidak Hujan
24/06/2023;28,6;73;0;Tidak Hujan
25/06/2023;28,6;75;0;Tidak Hujan
26/06/2023;28,5;74;13;Hujan
27/06/2023;28,6;71;0;Tidak Hujan
28/06/2023;29,2;76;0,2;Hujan
29/06/2023;29,5;77;0;Tidak Hujan
30/06/2023;29,1;72;0;Tidak Hujan
01/07/2023;29,3;73;0;Tidak Hujan
02/07/2023;29,1;72;0;Tidak Hujan
03/07/2023;28,8;72;0;Tidak Hujan
04/07/2023;29;71;0;Tidak Hujan
05/07/2023;28,7;75;12,5;Hujan
06/07/2023;29,3;71;0;Tidak Hujan
07/07/2023;27,7;80;0;Tidak Hujan
08/07/2023;27,3;85;34,5;Hujan
09/07/2023;28,5;78;3,8;Hujan
10/07/2023;28,9;77;0;Tidak Hujan
11/07/2023;28,3;71;0;Tidak Hujan
12/07/2023;27,7;69;0;Tidak Hujan
13/07/2023;28,8;72;0;Tidak Hujan
14/07/2023;28,8;75;0;Tidak Hujan
15/07/2023;28,5;72;0;Tidak Hujan
16/07/2023;27,8;71;0;Tidak Hujan
17/07/2023;27,3;68;0;Tidak Hujan
18/07/2023;27,2;72;0;Tidak Hujan
19/07/2023;28,2;68;0;Tidak Hujan
20/07/2023;26,9;68;0;Tidak Hujan
21/07/2023;27,2;67;0;Tidak Hujan
22/07/2023;27,2;68;0;Tidak Hujan
23/07/2023;28,1;70;0;Tidak Hujan
24/07/2023;28,1;70;0;Tidak Hujan
25/07/2023;28,8;77;0;Tidak Hujan
26/07/2023;27,8;71;0;Tidak Hujan
27/07/2023;27,7;65;0;Tidak Hujan
28/07/2023;27,1;67;0;Tidak Hujan
29/07/2023;27,2;68;0;Tidak Hujan
30/07/2023;27,3;65;0;Tidak Hujan
31/07/2023;27,4;69;0;Tidak Hujan
01/08/2023;29,1;70;0;Tidak Hujan
02/08/2023;29,2;75;0;Tidak Hujan
03/08/2023;29,1;74;0;Tidak Hujan
04/08/2023;28,7;70;0;Tidak Hujan
05/08/2023;27,8;71;0;Tidak Hujan
06/08/2023;28,5;70;0;Tidak Hujan
07/08/2023;28,1;73;0;Tidak Hujan
08/08/2023;28;71;0;Tidak Hujan
09/08/2023;27,4;69;0;Tidak Hujan
10/08/2023;27,6;66;0;Tidak Hujan
11/08/2023;27;68;0;Tidak Hujan
12/08/2023;27,4;64;0;Tidak Hujan
13/08/2023;27,8;68;0;Tidak Hujan
14/08/2023;27,6;69;0;Tidak Hujan
15/08/2023;27,5;75;0;Tidak Hujan
16/08/2023;28;68;0;Tidak Hujan
17/08/2023;27,9;66;0;Tidak Hujan
18/08/2023;27,4;69;0;Tidak Hujan
19/08/2023;28,2;68;0;Tidak Hujan
20/08/2023;28,3;71;0;Tidak Hujan
21/08/2023;28;70;0;Tidak Hujan
22/08/2023;27,8;72;0;Tidak Hujan
23/08/2023;27,7;68;0;Tidak Hujan
24/08/2023;27,6;70;0;Tidak Hujan
25/08/2023;28,2;71;0;Tidak Hujan
26/08/2023;28,8;66;0;Hujan
27/08/2023;27,8;67;0;Tidak Hujan
28/08/2023;28,1;68;0;Tidak Hujan
29/08/2023;28,3;65;0;Tidak Hujan
30/08/2023;27,4;72;0;Tidak Hujan
31/08/2023;28,6;69;0;Tidak Hujan
01/09/2023;28,3;67;0;Tidak Hujan
02/09/2023;28;64;0;Tidak Hujan
03/09/2023;27,7;62;0;Tidak Hujan
04/09/2023;27,5;64;0;Tidak Hujan
05/09/2023;27,9;60;0;Tidak Hujan
06/09/2023;28,5;66;0;Tidak Hujan
07/09/2023;28,4;71;0;Tidak Hujan
08/09/2023;28,2;68;0;Tidak Hujan
09/09/2023;27,7;68;0;Tidak Hujan
10/09/2023;27,9;63;0;Tidak Hujan
11/09/2023;29;65;0;Tidak Hujan
12/09/2023;29,2;66;0;Tidak Hujan
13/09/2023;28,9;68;0;Tidak Hujan
14/09/2023;28,4;71;0;Tidak Hujan
15/09/2023;28,1;68;0;Tidak Hujan
16/09/2023;28,7;71;0;Tidak Hujan
17/09/2023;28,6;70;0;Tidak Hujan
18/09/2023;28,3;70;5;Hujan
19/09/2023;29;65;0;Tidak Hujan
20/09/2023;28,7;67;0;Tidak Hujan
21/09/2023;28,4;64;0;Tidak Hujan
22/09/2023;28;63;0;Tidak Hujan
23/09/2023;28,7;65;0;Tidak Hujan
24/09/2023;29,1;62;0;Tidak Hujan
25/09/2023;29,1;71;0;Tidak Hujan
26/09/2023;28,7;61;0;Tidak Hujan
27/09/2023;29;62;0;Tidak Hujan
28/09/2023;28,9;66;0;Tidak Hujan
29/09/2023;29,8;65;0;Tidak Hujan
30/09/2023;29,5;61;0;Tidak Hujan
01/10/2023;29,1;64;0;Tidak Hujan
02/10/2023;29,2;60;0;Tidak Hujan
03/10/2023;29,3;65;0;Tidak Hujan
04/10/2023;29,9;64;0;Tidak Hujan
05/10/2023;29,3;72;0;Tidak Hujan
06/10/2023;30,4;64;0;Tidak Hujan
07/10/2023;29,8;67;0;Tidak Hujan
08/10/2023;29,8;69;0;Tidak Hujan
09/10/2023;30,4;64;0;Tidak Hujan
10/10/2023;30,7;64;0;Tidak Hujan
11/10/2023;30,4;63;0;Tidak Hujan
12/10/2023;29,8;65;0;Tidak Hujan
13/10/2023;30,2;66;0;Tidak Hujan
14/10/2023;30,6;62;0;Tidak Hujan
15/10/2023;30,2;67;0;Tidak Hujan
16/10/2023;30,8;66;0;Tidak Hujan
17/10/2023;30,4;64;0;Tidak Hujan
18/10/2023;30,5;65;0;Tidak Hujan
19/10/2023;31;62;0;Tidak Hujan
20/10/2023;31,4;65;0;Tidak Hujan
21/10/2023;31,1;65;0;Tidak Hujan
22/10/2023;30,9;64;0;Tidak Hujan
23/10/2023;30,3;76;0;Tidak Hujan
24/10/2023;30,8;68;1;Hujan
25/10/2023;31;61;0;Tidak Hujan
26/10/2023;31,3;62;0;Tidak Hujan
27/10/2023;30,6;67;0;Tidak Hujan
28/10/2023;30,9;58;0;Tidak Hujan
29/10/2023;30,8;64;0;Tidak Hujan
30/10/2023;31,4;64;0;Tidak Hujan
31/10/2023;31,2;67;0;Tidak Hujan
01/11/2023;31,3;64;0;Tidak Hujan
02/11/2023;31,5;63;0;Tidak Hujan
03/11/2023;30,7;69;0;Tidak Hujan
04/11/2023;29,2;77;0;Tidak Hujan
05/11/2023;30,2;73;13,9;Hujan
06/11/2023;31;66;0;Tidak Hujan
07/11/2023;31;65;0;Tidak Hujan
08/11/2023;31;65;0;Tidak Hujan
09/11/2023;31;70;0;Tidak Hujan
10/11/2023;30,9;71;9,5;Hujan
11/11/2023;31,1;67;0;Tidak Hujan
12/11/2023;30,7;68;0;Tidak Hujan
13/11/2023;31,6;66;0;Tidak Hujan
14/11/2023;31,2;69;0;Tidak Hujan
15/11/2023;31,7;67;0,8;Hujan
16/11/2023;30,8;69;0;Tidak Hujan
17/11/2023;30,6;73;23;Hujan
18/11/2023;31,1;64;0;Tidak Hujan
19/11/2023;31,5;60;0;Tidak Hujan
20/11/2023;31,9;62;0;Tidak Hujan
21/11/2023;31,4;67;0;Tidak Hujan
22/11/2023;32,4;64;0;Tidak Hujan
23/11/2023;31,6;63;0;Tidak Hujan
24/11/2023;29,9;73;0;Tidak Hujan
25/11/2023;29,4;74;0;Tidak Hujan
26/11/2023;30,6;68;0;Tidak Hujan
27/11/2023;29,6;77;0;Tidak Hujan
28/11/2023;28;83;18,5;Hujan
29/11/2023;29,6;78;33,5;Hujan
30/11/2023;29,9;74;0;Tidak Hujan
01/12/2023;28,4;80;0,7;Hujan
02/12/2023;29,3;76;4,4;Hujan
03/12/2023;29,4;76;0;Tidak Hujan
04/12/2023;29,6;74;6,2;Hujan
05/12/2023;30,3;72;0;Tidak Hujan
06/12/2023;30,6;72;0;Tidak Hujan
07/12/2023;29,8;72;0;Tidak Hujan
08/12/2023;29,5;77;18,5;Hujan
09/12/2023;29,9;75;0;Tidak Hujan
10/12/2023;28,7;80;0;Tidak Hujan
11/12/2023;30,5;69;20;Hujan
12/12/2023;31,1;69;0;Tidak Hujan
13/12/2023;30,2;73;0;Tidak Hujan
14/12/2023;29,8;76;0;Tidak Hujan
15/12/2023;29,4;75;20,2;Hujan
16/12/2023;31,3;67;0,4;Hujan
17/12/2023;30,6;69;0;Tidak Hujan
18/12/2023;30,6;66;0;Tidak Hujan
19/12/2023;30,8;62;0;Tidak Hujan
20/12/2023;30,5;61;0;Tidak Hujan
21/12/2023;31,1;65;0;Tidak Hujan
22/12/2023;31;68;0;Tidak Hujan
23/12/2023;31;68;0;Tidak Hujan
24/12/2023;31,2;69;0;Tidak Hujan
25/12/2023;28,5;80;0;Tidak Hujan
26/12/2023;29,9;74;37,1;Hujan
27/12/2023;30,6;72;0;Tidak Hujan
28/12/2023;30,6;75;0;Tidak Hujan
29/12/2023;30,8;74;0;Tidak Hujan
30/12/2023;30,6;76;14,2;Hujan
31/12/2023;30,5;75;0;Tidak Hujan
01/01/2024;30,2;77;0,2;Hujan
02/01/2024;30,9;72;0;Tidak Hujan
03/01/2024;29,4;87;0;Tidak Hujan
04/01/2024;29,5;77;6,7;Hujan
05/01/2024;29,8;75;0;Tidak Hujan
06/01/2024;29,2;79;0;Tidak Hujan
07/01/2024;28,2;82;0;Tidak Hujan
08/01/2024;29;79;0;Tidak Hujan
09/01/2024;29,5;78;0;Tidak Hujan
10/01/2024;30,1;74;14,8;Hujan
11/01/2024;30,3;73;0;Tidak Hujan
12/01/2024;30,8;69;0;Tidak Hujan
13/01/2024;31,2;67;3;Hujan
14/01/2024;31,3;65;0;Tidak Hujan
15/01/2024;29,2;77;0;Tidak Hujan
16/01/2024;29,5;77;0;Tidak Hujan
17/01/2024;28,1;84;30,4;Hujan
18/01/2024;28,2;82;13;Hujan
19/01/2024;28,3;78;29,7;Hujan
20/01/2024;29,7;71;0;Tidak Hujan
21/01/2024;29,4;74;0;Tidak Hujan
22/01/2024;29,8;73;7;Hujan
23/01/2024;30;73;9,2;Hujan
24/01/2024;29,2;74;0;Tidak Hujan
25/01/2024;29,6;73;0;Tidak Hujan
26/01/2024;29;81;0;Tidak Hujan
27/01/2024;29,9;75;4;Hujan
28/01/2024;28,8;80;2,2;Hujan
29/01/2024;28,2;84;7;Hujan
30/01/2024;28,5;83;5;Hujan
31/01/2024;27,8;84;5,7;Hujan
01/02/2024;29;79;40,5;Hujan
02/02/2024;28,9;80;2,8;Hujan
03/02/2024;28,7;78;4,6;Hujan
04/02/2024;28,5;79;1,2;Hujan
05/02/2024;27,9;81;7,3;Hujan
06/02/2024;27,9;82;148,6;Hujan
07/02/2024;28,4;82;28,8;Hujan
08/02/2024;28,6;78;0;Tidak Hujan
09/02/2024;29,4;77;0,8;Hujan
10/02/2024;27,3;88;32,6;Hujan
11/02/2024;27,6;84;9,5;Hujan
12/02/2024;29,2;78;39;Hujan
13/02/2024;29,6;78;3,5;Hujan
14/02/2024;29,1;84;16,7;Hujan
15/02/2024;30,5;74;0,5;Hujan
16/02/2024;30,2;76;0,3;Hujan
17/02/2024;29,3;77;0,5;Hujan
18/02/2024;29,1;78;0,4;Hujan
19/02/2024;29,9;79;0;Tidak Hujan
20/02/2024;31,1;72;0;Tidak Hujan
21/02/2024;29,7;78;0;Tidak Hujan
22/02/2024;30,9;73;2,5;Hujan
23/02/2024;29,9;80;0,5;Hujan
24/02/2024;29,8;76;0;Tidak Hujan
25/02/2024;29;78;0;Tidak Hujan
26/02/2024;28,9;78;0,8;Hujan
27/02/2024;30,1;74;3;Hujan
28/02/2024;29,4;82;0;Tidak Hujan
29/02/2024;29,7;79;24,1;Hujan
01/03/2024;29,2;79;0;Tidak Hujan
02/03/2024;29,7;78;9,2;Hujan
03/03/2024;30,2;75;0;Tidak Hujan
04/03/2024;29,1;82;0;Tidak Hujan
05/03/2024;29,5;79;4,5;Hujan
06/03/2024;30,8;75;0;Tidak Hujan
07/03/2024;30;82;4,3;Hujan
08/03/2024;29,7;81;1,3;Hujan
09/03/2024;26,5;88;16,6;Hujan
10/03/2024;28,7;78;8,9;Hujan
11/03/2024;29,1;80;0;Tidak Hujan
12/03/2024;27,6;87;11,1;Hujan
13/03/2024;27,1;87;2,9;Hujan
14/03/2024;26,9;88;6,5;Hujan
15/03/2024;28,2;82;10,5;Hujan
16/03/2024;28,9;79;3;Hujan
17/03/2024;28,5;79;1,2;Hujan
18/03/2024;28,5;81;1,1;Hujan
19/03/2024;30,3;75;0;Tidak Hujan
20/03/2024;30,3;74;0;Tidak Hujan
21/03/2024;30,3;72;0;Tidak Hujan
22/03/2024;30,5;74;0;Tidak Hujan
23/03/2024;30,5;73;0;Tidak Hujan
24/03/2024;30,3;74;0;Tidak Hujan
25/03/2024;30;76;0;Tidak Hujan
26/03/2024;30,8;70;0;Tidak Hujan
27/03/2024;31,4;64;0;Tidak Hujan
28/03/2024;29,9;73;0;Tidak Hujan
29/03/2024;30,6;74;0;Tidak Hujan
30/03/2024;31,4;71;0,2;Hujan
31/03/2024;31;75;7,1;Hujan
01/04/2024;29,6;79;14,3;Hujan
02/04/2024;29,8;81;3,8;Hujan
03/04/2024;30,2;76;23,6;Hujan
04/04/2024;30,4;76;0;Tidak Hujan
05/04/2024;30,6;76;28,6;Hujan
06/04/2024;30,7;75;23,1;Hujan
07/04/2024;29,8;80;0;Tidak Hujan
08/04/2024;28,7;85;27,2;Hujan
09/04/2024;29,2;81;13,4;Hujan
10/04/2024;29,4;82;0,8;Hujan
11/04/2024;28,7;83;0;Tidak Hujan
12/04/2024;29,8;76;1;Hujan
13/04/2024;30,1;78;0;Tidak Hujan
14/04/2024;30,6;74;0;Tidak Hujan
15/04/2024;30,1;77;5,2;Hujan
16/04/2024;30,9;72;0;Tidak Hujan
17/04/2024;29,3;80;0,4;Hujan
18/04/2024;30;75;0;Tidak Hujan
19/04/2024;30,1;78;0,4;Hujan
20/04/2024;31;73;0;Tidak Hujan
21/04/2024;28,8;83;27,2;Hujan
22/04/2024;30,2;77;2;Hujan
23/04/2024;29,2;84;0;Tidak Hujan
24/04/2024;28,7;86;12,4;Hujan
25/04/2024;26,8;93;0;Tidak Hujan
26/04/2024;29,8;80;10,3;Hujan
27/04/2024;30,9;75;0;Tidak Hujan
28/04/2024;31,1;73;0;Tidak Hujan
29/04/2024;30,6;75;0;Tidak Hujan
30/04/2024;31;70;0;Tidak Hujan
01/05/2024;30,5;74;2;Hujan
02/05/2024;30,5;74;0;Tidak Hujan
03/05/2024;30,6;72;0;Tidak Hujan
04/05/2024;29,8;71;1,2;Hujan
05/05/2024;29,8;67;0;Tidak Hujan
06/05/2024;30;66;0,7;Hujan
07/05/2024;30,6;68;0;Tidak Hujan
08/05/2024;30,1;75;0;Tidak Hujan
09/05/2024;30,3;74;2;Hujan
10/05/2024;30,7;73;3,7;Hujan
11/05/2024;30,9;71;0;Tidak Hujan
12/05/2024;30,6;68;0;Tidak Hujan
13/05/2024;30,4;70;0;Tidak Hujan
14/05/2024;30,5;70;0;Tidak Hujan
15/05/2024;30,2;70;1,9;Hujan
16/05/2024;30,5;67;3,6;Hujan
17/05/2024;30,8;69;0;Tidak Hujan
18/05/2024;30,4;69;0;Tidak Hujan
19/05/2024;30;67;0;Tidak Hujan
20/05/2024;30,2;69;0;Tidak Hujan
21/05/2024;30,3;69;0;Tidak Hujan
22/05/2024;30,1;72;0;Tidak Hujan
23/05/2024;30,4;70;0;Tidak Hujan
24/05/2024;30,3;75;0;Tidak Hujan
25/05/2024;30,5;73;15,6;Hujan
26/05/2024;30,3;70;1,3;Hujan
27/05/2024;30,8;71;0;Tidak Hujan
28/05/2024;30;75;0;Tidak Hujan
29/05/2024;30,6;73;0;Tidak Hujan
30/05/2024;30,4;72;8,8;Hujan
31/05/2024;31;70;2,1;Hujan
01/06/2024;31;72;0;Tidak Hujan
02/06/2024;30,4;74;2,9;Hujan
03/06/2024;30,1;71;0;Tidak Hujan
04/06/2024;29,9;72;0;Tidak Hujan
05/06/2024;29,9;70;1,2;Hujan
06/06/2024;30;71;3,1;Hujan
07/06/2024;30,2;68;0;Tidak Hujan
08/06/2024;29,9;74;0;Tidak Hujan
09/06/2024;29,1;77;3,5;Hujan
10/06/2024;30,5;73;0;Tidak Hujan
11/06/2024;30;74;0,5;Hujan
12/06/2024;29,2;76;0;Tidak Hujan
13/06/2024;29,7;74;2,6;Hujan
14/06/2024;29,8;76;0;Tidak Hujan
15/06/2024;29,5;78;0;Tidak Hujan
16/06/2024;29,7;74;1,5;Hujan
17/06/2024;29,7;71;0;Tidak Hujan
18/06/2024;29,3;67;0;Tidak Hujan
19/06/2024;28,6;68;0;Tidak Hujan
20/06/2024;28,7;65;0;Tidak Hujan
21/06/2024;28,6;64;0,3;Hujan
22/06/2024;29,1;65;2,2;Hujan
23/06/2024;28,9;71;0,8;Hujan
24/06/2024;28,4;76;0;Tidak Hujan
25/06/2024;29,6;71;0;Tidak Hujan
26/06/2024;29,9;72;0;Tidak Hujan
27/06/2024;29,8;75;3;Hujan
28/06/2024;29,5;77;0;Tidak Hujan
29/06/2024;30,1;70;1,4;Hujan
30/06/2024;29,5;71;0;Tidak Hujan
01/07/2024;29,7;67;0;Tidak Hujan
02/07/2024;28,7;76;0;Tidak Hujan
03/07/2024;28,6;78;12,7;Hujan
04/07/2024;28,7;76;0,1;Hujan
05/07/2024;29,3;68;0;Tidak Hujan
06/07/2024;28,9;73;0;Tidak Hujan
07/07/2024;29;73;0;Tidak Hujan
08/07/2024;28,4;70;0;Tidak Hujan
09/07/2024;28,5;69;0;Tidak Hujan
10/07/2024;28,6;67;0;Tidak Hujan
11/07/2024;28,8;64;0;Tidak Hujan
12/07/2024;28;67;0;Tidak Hujan
13/07/2024;27,9;66;0;Tidak Hujan
14/07/2024;26,9;65;0;Tidak Hujan
15/07/2024;27,6;64;0;Tidak Hujan
16/07/2024;27,8;70;0;Tidak Hujan
17/07/2024;28;70;0;Tidak Hujan
18/07/2024;28,2;71;0;Tidak Hujan
19/07/2024;28,3;67;0;Tidak Hujan
20/07/2024;28,1;69;0;Tidak Hujan
21/07/2024;27,9;70;0;Tidak Hujan
22/07/2024;27,8;69;0;Tidak Hujan
23/07/2024;28,3;70;0;Tidak Hujan
24/07/2024;28,2;70;0;Tidak Hujan
25/07/2024;27,8;69;0;Tidak Hujan
26/07/2024;28,2;66;0;Tidak Hujan
27/07/2024;28,7;68;0;Tidak Hujan
28/07/2024;28,4;73;0;Tidak Hujan
29/07/2024;28,7;69;0;Tidak Hujan
30/07/2024;28,6;75;0;Tidak Hujan
31/07/2024;29;75;0;Tidak Hujan
01/08/2024;29,8;75;0;Tidak Hujan
02/08/2024;29,2;73;0;Tidak Hujan
03/08/2024;28,9;71;0;Tidak Hujan
04/08/2024;28,6;72;0;Tidak Hujan
05/08/2024;28,2;69;0;Tidak Hujan
06/08/2024;28,2;69;0;Tidak Hujan
07/08/2024;28,4;70;0;Tidak Hujan
08/08/2024;29,5;71;0;Tidak Hujan
09/08/2024;29;71;0;Tidak Hujan
10/08/2024;29;68;0;Tidak Hujan
11/08/2024;28,1;66;0;Tidak Hujan
12/08/2024;27,1;60;0;Tidak Hujan
13/08/2024;27,7;70;0;Tidak Hujan
14/08/2024;28;73;0;Tidak Hujan
15/08/2024;27,6;69;0;Tidak Hujan
16/08/2024;27,7;68;0;Tidak Hujan
17/08/2024;27,7;72;0;Tidak Hujan
18/08/2024;28,1;70;0;Tidak Hujan
19/08/2024;28;70;0;Tidak Hujan
20/08/2024;28,1;66;0;Tidak Hujan
21/08/2024;28,2;69;0;Tidak Hujan
22/08/2024;28;68;0;Tidak Hujan
23/08/2024;28,5;68;0;Tidak Hujan
24/08/2024;28,6;72;0;Tidak Hujan
25/08/2024;28,7;69;0;Tidak Hujan
26/08/2024;29;68;0;Tidak Hujan
27/08/2024;28,3;69;0;Tidak Hujan
28/08/2024;28,1;67;0;Tidak Hujan
29/08/2024;28,6;68;0;Tidak Hujan
30/08/2024;28,2;69;0;Tidak Hujan
31/08/2024;29,1;68;0;Tidak Hujan
01/09/2024;29,5;67;0;Tidak Hujan
02/09/2024;29,1;68;0;Tidak Hujan
03/09/2024;29,3;65;0;Tidak Hujan
04/09/2024;29,4;69;0;Tidak Hujan
05/09/2024;29,5;71;0;Tidak Hujan
06/09/2024;29,2;69;0;Tidak Hujan
07/09/2024;29;67;0;Tidak Hujan
08/09/2024;29,7;71;0;Tidak Hujan
09/09/2024;29,7;68;0;Tidak Hujan
10/09/2024;29,3;73;0;Tidak Hujan
11/09/2024;30,1;68;0;Tidak Hujan
12/09/2024;29,7;61;0;Tidak Hujan
13/09/2024;29,7;63;0;Tidak Hujan
14/09/2024;29,5;64;0;Tidak Hujan
15/09/2024;29,2;62;0;Tidak Hujan
16/09/2024;29,6;65;0;Tidak Hujan
17/09/2024;29,6;64;0;Tidak Hujan
18/09/2024;28,8;61;0;Tidak Hujan
19/09/2024;29,2;65;0;Tidak Hujan
20/09/2024;29,8;68;0;Tidak Hujan
21/09/2024;30,6;66;0;Tidak Hujan
22/09/2024;30,6;73;0;Tidak Hujan
23/09/2024;30;76;0;Tidak Hujan
24/09/2024;30,2;73;0;Tidak Hujan
25/09/2024;30,4;69;0;Tidak Hujan
26/09/2024;30,1;74;3,7;Hujan
27/09/2024;30,8;69;10;Hujan
28/09/2024;31;66;0;Tidak Hujan
29/09/2024;31,6;62;0;Tidak Hujan
30/09/2024;31;66;0;Tidak Hujan
01/10/2024;30,8;66;0;Tidak Hujan
02/10/2024;30,4;66;0;Tidak Hujan
03/10/2024;30,6;66;0;Tidak Hujan
04/10/2024;30,5;66;0;Tidak Hujan
05/10/2024;31;63;0;Tidak Hujan
06/10/2024;31;65;0;Tidak Hujan
07/10/2024;30,3;69;0;Tidak Hujan
08/10/2024;30,5;68;0;Tidak Hujan
09/10/2024;30,7;67;0;Tidak Hujan
10/10/2024;31,2;63;0;Tidak Hujan
11/10/2024;31,4;59;0;Tidak Hujan
12/10/2024;31,3;67;0;Tidak Hujan
13/10/2024;31,8;68;0;Tidak Hujan
14/10/2024;30,9;66;0;Tidak Hujan
15/10/2024;30,9;65;0;Tidak Hujan
16/10/2024;30,6;56;0;Tidak Hujan
17/10/2024;30,8;59;0;Tidak Hujan
18/10/2024;30,3;63;0;Tidak Hujan
19/10/2024;30,9;69;0;Tidak Hujan
20/10/2024;29;75;3,6;Hujan
21/10/2024;28,1;81;0;Tidak Hujan
22/10/2024;30,3;74;0;Tidak Hujan
23/10/2024;30,9;70;13;Hujan
24/10/2024;30,4;68;0;Tidak Hujan
25/10/2024;31,2;68;0;Tidak Hujan
26/10/2024;31,4;69;0;Tidak Hujan
27/10/2024;31,6;64;0;Tidak Hujan
28/10/2024;31,6;66;0;Tidak Hujan
29/10/2024;31,4;67;0;Tidak Hujan
30/10/2024;31,9;65;0;Tidak Hujan
31/10/2024;31,1;69;0;Tidak Hujan
01/11/2024;28,7;84;25;Hujan
02/11/2024;29,7;77;8,5;Hujan
03/11/2024;28,2;82;0;Tidak Hujan
04/11/2024;29;79;34,4;Hujan
05/11/2024;30,6;72;0;Tidak Hujan
06/11/2024;31,9;65;0;Tidak Hujan
07/11/2024;31;72;0;Tidak Hujan
08/11/2024;30,4;74;0;Tidak Hujan
09/11/2024;31,3;73;0;Tidak Hujan
10/11/2024;28,8;82;0;Tidak Hujan
11/11/2024;30,4;75;0;Tidak Hujan
12/11/2024;28,7;81;2,1;Hujan
13/11/2024;31,4;72;0;Tidak Hujan
14/11/2024;31,4;66;0;Tidak Hujan
15/11/2024;31,5;72;0;Tidak Hujan
16/11/2024;31,4;71;0;Tidak Hujan
17/11/2024;30,7;76;0;Tidak Hujan
18/11/2024;31,5;73;0;Tidak Hujan
19/11/2024;29,7;80;0;Tidak Hujan
20/11/2024;29,8;78;8;Hujan
21/11/2024;30,5;74;0;Tidak Hujan
22/11/2024;30,9;75;0;Tidak Hujan
23/11/2024;30,6;77;1,4;Hujan
24/11/2024;29,6;80;0;Tidak Hujan
25/11/2024;30,6;77;0;Tidak Hujan
26/11/2024;30,9;78;0;Tidak Hujan
27/11/2024;30,2;81;17,6;Hujan
28/11/2024;29,8;76;15;Hujan
29/11/2024;29,7;78;0;Tidak Hujan
30/11/2024;29,6;82;48;Hujan
01/12/2024;29,2;83;43,5;Hujan
02/12/2024;27,7;88;0;Tidak Hujan
03/12/2024;29,9;73;4,5;Hujan
04/12/2024;29,8;78;0;Tidak Hujan
05/12/2024;30,2;79;0;Tidak Hujan
06/12/2024;27,2;89;0;Tidak Hujan
07/12/2024;29,2;78;3,4;Hujan
08/12/2024;29,6;82;7,5;Hujan
09/12/2024;29,3;78;22,4;Hujan
10/12/2024;28,7;82;8,3;Hujan
11/12/2024;29;80;72,8;Hujan
12/12/2024;26,5;90;16,8;Hujan
13/12/2024;29,1;79;36;Hujan
14/12/2024;27,6;84;0,2;Hujan
15/12/2024;29,2;81;4,7;Hujan
16/12/2024;27,6;86;11,6;Hujan
17/12/2024;28,6;80;1,5;Hujan
18/12/2024;29,3;76;12,8;Hujan
19/12/2024;30,7;69;0;Tidak Hujan
20/12/2024;30,5;73;0;Tidak Hujan
21/12/2024;30;73;0;Tidak Hujan
22/12/2024;28,4;79;1;Hujan
23/12/2024;29,1;78;3;Hujan
24/12/2024;29;80;20,9;Hujan
25/12/2024;28,3;83;19,3;Hujan
26/12/2024;29,1;77;14,6;Hujan
27/12/2024;30,2;68;0,4;Hujan
28/12/2024;29;77;0;Tidak Hujan
29/12/2024;28,1;79;12,7;Hujan
30/12/2024;29,7;69;0;Tidak Hujan
31/12/2024;28,2;79;1;Hujan
01/01/2025;28;82;8,5;Hujan
02/01/2025;27,1;89;36,2;Hujan
03/01/2025;29,3;74;0,6;Hujan
04/01/2025;29,2;73;0;Tidak Hujan
05/01/2025;27,8;81;6,8;Hujan
06/01/2025;28,6;82;37;Hujan
07/01/2025;28,8;79;0;Tidak Hujan
08/01/2025;28,9;78;0;Tidak Hujan
09/01/2025;29,9;75;1,3;Hujan
10/01/2025;29,3;76;0;Tidak Hujan
11/01/2025;28,6;81;38;Hujan
12/01/2025;28,5;80;43,5;Hujan
13/01/2025;28,1;81;36,1;Hujan
14/01/2025;29,5;79;0;Tidak Hujan
15/01/2025;28,7;81;17,8;Hujan
16/01/2025;28,6;80;13,2;Hujan
17/01/2025;28,6;77;10,4;Hujan
18/01/2025;28,4;81;31,5;Hujan
19/01/2025;29,4;75;7,8;Hujan
20/01/2025;28,5;80;25,5;Hujan
21/01/2025;27,6;82;84,9;Hujan
22/01/2025;28,5;79;3,1;Hujan
23/01/2025;28;84;10,7;Hujan
24/01/2025;28,9;79;0;Tidak Hujan
25/01/2025;29,3;78;0;Tidak Hujan
26/01/2025;28,5;83;57,5;Hujan
27/01/2025;26,8;88;12;Hujan
28/01/2025;27,6;81;1;Hujan
29/01/2025;28,3;81;0;Tidak Hujan
30/01/2025;26,7;82;4,1;Hujan
31/01/2025;27,8;79;0;Tidak Hujan
01/02/2025;28,4;77;0;Tidak Hujan
02/02/2025;28,2;84;0;Tidak Hujan
03/02/2025;28,4;80;9,7;Hujan
04/02/2025;28,7;81;0;Tidak Hujan
05/02/2025;28,7;81;4,3;Hujan
06/02/2025;28,8;77;1,3;Hujan
07/02/2025;29,1;76;0;Tidak Hujan
08/02/2025;29;77;31,5;Hujan
09/02/2025;28,6;79;2,2;Hujan
10/02/2025;28,9;79;6,6;Hujan
11/02/2025;29,2;74;0;Tidak Hujan
12/02/2025;30;67;0;Tidak Hujan
13/02/2025;28,4;79;0;Tidak Hujan
14/02/2025;28,3;84;39,9;Hujan
15/02/2025;29,4;78;0;Tidak Hujan
16/02/2025;29,4;75;1,5;Hujan
17/02/2025;29,1;78;4,2;Hujan
18/02/2025;29,3;77;0;Tidak Hujan
19/02/2025;29,9;74;0;Tidak Hujan
20/02/2025;28,6;80;0;Tidak Hujan
21/02/2025;28,9;78;9,4;Hujan
22/02/2025;28;83;0;Tidak Hujan
23/02/2025;27,6;86;3,5;Hujan
24/02/2025;27,8;84;18,4;Hujan
25/02/2025;28,5;76;17,1;Hujan
26/02/2025;27,7;84;1;Hujan
27/02/2025;28;82;7;Hujan
28/02/2025;28,7;79;0;Tidak Hujan
01/03/2025;28,1;81;34,7;Hujan
02/03/2025;29,4;77;0;Tidak Hujan
03/03/2025;30,1;75;0;Tidak Hujan
04/03/2025;29,6;79;0,9;Hujan
05/03/2025;30,1;75;0;Tidak Hujan
06/03/2025;29,7;80;0;Tidak Hujan
07/03/2025;29,5;78;1;Hujan
08/03/2025;27,7;85;0;Tidak Hujan
09/03/2025;26,8;88;1,5;Hujan
10/03/2025;28,3;82;8,5;Hujan
11/03/2025;29,8;76;1;Hujan
12/03/2025;30,3;76;0;Tidak Hujan
13/03/2025;29,1;79;0;Tidak Hujan
14/03/2025;28;83;2,2;Hujan
15/03/2025;28,7;83;0;Tidak Hujan
16/03/2025;27,8;83;9,4;Hujan
17/03/2025;28,6;81;10;Hujan
18/03/2025;29,6;71;0;Tidak Hujan
19/03/2025;28,2;80;8;Hujan
20/03/2025;29,7;75;12,3;Hujan
21/03/2025;28,6;77;0,8;Hujan
22/03/2025;28,5;82;17,2;Hujan
23/03/2025;28,8;81;22;Hujan
24/03/2025;29,2;79;0;Tidak Hujan
25/03/2025;29,8;78;0;Tidak Hujan
26/03/2025;29,7;78;0;Tidak Hujan
27/03/2025;29,6;80;2;Hujan
28/03/2025;28,2;89;0;Tidak Hujan
29/03/2025;28,2;82;17,7;Hujan
30/03/2025;29;81;29;Hujan
31/03/2025;29,6;78;0;Tidak Hujan
01/04/2025;28,5;83;17,9;Hujan
02/04/2025;28,3;80;2,3;Hujan
03/04/2025;27,7;84;0;Tidak Hujan
04/04/2025;28,3;78;21;Hujan
05/04/2025;28,9;80;6,5;Hujan
06/04/2025;29,2;78;0,2;Hujan
07/04/2025;29;81;28,5;Hujan
08/04/2025;29,2;77;0;Tidak Hujan
09/04/2025;29,5;76;0;Tidak Hujan
10/04/2025;29,4;81;0;Tidak Hujan
11/04/2025;28,6;82;2,9;Hujan
12/04/2025;28,6;81;0;Tidak Hujan
13/04/2025;28,3;77;0;Tidak Hujan
14/04/2025;29,7;72;0;Tidak Hujan
15/04/2025;29,2;79;0;Tidak Hujan
16/04/2025;29,4;78;0;Tidak Hujan
17/04/2025;29,1;78;5,2;Hujan
18/04/2025;28,9;79;0;Tidak Hujan
19/04/2025;29,9;75;0;Tidak Hujan
20/04/2025;28,7;79;0;Tidak Hujan
21/04/2025;29,5;78;1;Hujan
22/04/2025;29,1;79;0;Tidak Hujan
23/04/2025;29,5;76;9;Hujan
24/04/2025;29,3;76;0;Tidak Hujan
25/04/2025;29,9;78;0;Tidak Hujan
26/04/2025;29,8;75;0;Tidak Hujan
27/04/2025;29,6;74;0;Tidak Hujan
28/04/2025;29,4;69;0;Tidak Hujan
29/04/2025;29,6;67;0;Tidak Hujan
30/04/2025;29,3;67;0;Tidak Hujan
01/05/2025;29,7;73;0;Tidak Hujan
02/05/2025;29,1;81;5;Hujan
03/05/2025;29,8;75;0;Tidak Hujan
04/05/2025;30,3;77;0;Tidak Hujan
05/05/2025;30,4;73;0;Tidak Hujan
06/05/2025;30;75;0;Tidak Hujan
07/05/2025;29,8;76;0;Tidak Hujan
08/05/2025;28,4;82;0;Tidak Hujan
09/05/2025;28;84;0;Tidak Hujan
10/05/2025;28,9;78;6,5;Hujan
11/05/2025;29,6;80;1;Hujan
12/05/2025;28,1;83;14,6;Hujan
13/05/2025;27,3;89;0;Tidak Hujan
14/05/2025;28,8;82;2;Hujan
15/05/2025;27,9;85;0;Tidak Hujan
16/05/2025;29,6;79;0;Tidak Hujan
17/05/2025;28,6;80;0;Tidak Hujan
18/05/2025;28,5;82;2,3;Hujan
19/05/2025;28,2;85;10,5;Hujan
20/05/2025;28,9;78;0;Tidak Hujan
21/05/2025;29,5;73;0;Tidak Hujan
22/05/2025;29,5;77;0;Tidak Hujan
23/05/2025;27,2;83;0;Tidak Hujan
24/05/2025;28,9;81;2,7;Hujan
25/05/2025;29,8;80;0;Tidak Hujan
26/05/2025;27,3;88;4,9;Hujan
27/05/2025;28,2;86;2;Hujan
28/05/2025;29,2;82;0;Tidak Hujan
29/05/2025;30,2;77;0,1;Hujan
30/05/2025;29,9;77;1,8;Hujan
